menus.cleanedNames,count
Cheese Pizza,400
White Pizza,337
Bbq Chicken Pizza,264
Hawaiian Pizza,242
1 Topping Pizza,196
Pizza By the Slice,193
Meat Lovers Pizza,184
Sicilian Pizza,184
Margherita Pizza,174
Buffalo Chicken Pizza,167
Veggie Pizza,161
14ampquot White Pizza,150
Pizza Steak,149
Any Large Pizza,143
Medium Cheese Pizza,134
Greek Pizza,129
Pizza,128
Medium Gourmet Vegetarian Gluten Free Crust Pizza Baking Required,115
Pepperoni Pizza,108
Stuffed Pizza,107
Vegetarian Pizza,95
Gluten Free Pizza,92
Pizza Sub,91
Pesto Pizza,86
Spinach Pizza,82
Pizza Burger,82
Taco Pizza,81
Build Your Own Pizza,79
Grandma Pizza,78
"7"" Pizza",77
Supreme Pizza,77
Salad Pizza,76
Pizza Roma,69
Deluxe Pizza,68
Pizza Bianca,68
Pizza Fries,68
Chicken Bacon Ranch Pizza,64
One Large 1 Item Pizza and 24 Wings for,62
Chicken Parmigiana Pizza,60
Pizza Bread,60
Bacon Cheeseburger Pizza,57
Thin Crust Cheese Pizza,57
Lasagna Pizza,56
Sausage Pizza,55
Baked Ziti Pizza,54
Chicken Alfredo Pizza,52
Garlic Pizza,52
Pan Pizza,49
Eggplant Pizza,48
Kids Pizza,46
Mexican Pizza,45
Medium Pizza Offers,44
Special Pizza,43
12ampquot GlutenFree Pizza,43
Primavera Pizza,43
Mini Pizza,43
Pepperoni Pizza Baking Required,42
Big Murphy39s Stuffed Pizza Baking Required,39
Margarita Pizza,39
Broccoli Pizza,39
1 Item Pizza,38
Mushroom Pizza,37
California Pizza,37
Deep Dish Pizza,37
Pizza Mozzarella,37
Vegetable Pizza,36
Combo Pizza,36
Chicago Pizza,36
S39mores Pizza,35
Grilled Chicken Pizza,35
Shrimp Pizza,35
Pizza Rolls,34
Onion Pizza,34
Specialty Pizza,33
New York Style Pizza,32
Vodka Pizza,32
Traditional Pizza,30
Artichoke Pizza,30
Chicken Wing Pizza,29
Blt Pizza,29
2Nd Pizza of Equal Or Lesser Value,29
Spicy Chicken Pizza,29
Veal Pizzaiola,28
Bbq Pizza,27
Personal Pizza,27
Chicken Bacon Stuffed Pizza Baking Required,26
Caprese Pizza,26
Chicken Pizzaiola,25
Marinara Pizza,25
Pizza Pie,25
Philly Cheesesteak Pizza,25
Quattro Formaggi Pizza,23
Chicken Caesar Pizza,23
Catering Pepperoni Pizza,22
Napoli Pizza,22
Pizza Bianco,22
Gourmet White Pizza,22
Breakfast Pizza,22
Bruschetta Pizza,22
Gluten Free Caprese Pizza,22
16ampquot Buffalo Chicken Pizza,21
Pineapple Pizza,20
Thai Pizza,20
The Works Pizza,20
Five Cheese Pizza,20
Calabrese Pizza,19
1Topping Pizza,19
Dessert Pizza,19
Four Cheese Pizza,19
Pizza with Pepperoni and Mushrooms,18
California Veggie Pizza,17
Pita Pizza,17
Nutella Pizza,17
Chicken Fajita Pizza,16
Tuscan Mushroom Pizza,16
Pizza Sandwich,16
Pronto Pizza,16
Fresh5 Tomatoes and Garlic Pizza (white),16
Pizza Sauce,15
Florentine Pizza,15
Brooklyn Pizza,15
Pizza Blanca,15
Chocolate Chip Pizza,15
Chicken Marsala Pizza,14
Cheeseburger Pizza,14
Pasta Pizza,14
Aloha Pizza,14
Ricotta Pizza,14
Shrimp Scampi Pizza,14
Garden Pizza,14
Gyro Pizza,14
Lunch Size Pizza,14
16 Medium Pizza,14
Party Pizza,14
French Bread Pizza,13
Tostada Pizza,13
Mushroom Pepperoni Sausage Pizza and Soup Lunch Duo,13
Steak Pizzaiola,12
Half and Half Pizza,12
"Individual 6"" Cheese Stuffed Deep Dish Pizza",12
Pizza Stromboli,12
Cowboy Pizza Baking Required,12
Green Pizza,12
Whole Wheat Pizza,12
Pizza Fritta,11
Chicken Pizza Slice,11
Hand Tossed Pizza,11
Large OneTopping Pan Pizza,11
Chicken Teriyaki Pizza,11
Pizza Logs,11
Garden Veggie Pizza Baking Required,11
Three Cheese Pizza,11
Salsiccia Pizza,11
Clam Pizza,11
Carne Asada Pizza,11
Small Canadian Bacon Pizza,11
"Large 14"" Thin Crust Pizza",10
Pizza Dog,10
7ampquot Mini 1Topping Pizza Special,10
Baby Pizza,10
Angus Steak and Roasted Garlic Pizza Baking Required,10
Pizzadilla,10
Anchovy Pizza,10
Large Chicken Pizza,10
Carnivore Pizza,10
Mama's Pizzaz,10
Rustica Pizza,10
9 Inch Chicago Style Pizza Rustica,10
Favorite 4 Pizza,10
B.b.q Chicken Pizza,10
Pizzano's Jumbo Garlic Knots,9
2nd Pizza Deal,9
Santa Fe Pizza,9
Spicy Fennel Sausage Pizza Baking Required,9
Chicken Chipotle Pizza,9
Shaved Mushroom and Spinach Pizza and Soup Lunch Duo,9
Feta Cheese Pizza,9
Western Pizza,9
Pizza Della Nonna,9
Our Flagship Pizza,9
Signature Pizza,9
Pizza Dough,9
Neapolitan Pizza,9
Gorgonzola Pizza,9
Bbq Pork Pizza,9
Pizza Puff,9
Royal Pizza,9
Pizza Focaccia,9
Arugula Pizza,8
Pizza Constantine,8
John39s Favorite Pizza,8
Provence Pizza,8
Pizza Package,8
Sorrento Pizza,8
Pepperoni and Jalapeno Pizza,8
Pizza Genovese,8
Bella Works Pizza,8
Upside Down Pizza,8
Luau Pizza,8
Tonys Veggie Pizza,8
Virgin Crust Pizza,8
Popeye Pizza,7
Pizza Alla Raffaele,7
American Pizza,7
Sampler Pizza,7
Sheet Pizza,7
9 Pizza,7
"Italian Beef Pizza (Small 12"")",7
Jamaican Jerk Chicken Pizza,7
Pizza Dela Rotunda,7
Pizza Piccante,7
Vegas Pizza,7
Pizza ampamp Salad,7
Pizza Pisa,7
Smokehouse Combo Pizza,7
Kona Pizza,7
Hawailan Pizza,7
"Jumbo 18"" Cheese Pizza",7
Fresh Basil Pizza,7
Michelangelo's White Pizza,6
Pizza Columbus,6
Peppers and Onions Pizza,6
Pizza of the Week,6
Pizza Insalata,6
Large Pizza ampamp Wings Deal,6
5Th Street Pizza,6
Howie Special Pizza,6
"Say ""Cheese"" Pizza",6
Pizza Boat,6
Pizza Portobello,6
Sunbelt Vegetable Pizza,6
Lone Star Bbq Pizza,6
Diavola Pizza,6
Rockyampaposs Thin Crust Pizza Cheese,6
Pizza Vesuvio,6
Island Time Pizza,6
1 Large Cheese Pizza and A Pitcher of Soda,6
Pizza Wedge,6
Pizza Luigi,6
8 Corner Pizza,6
Individual Pizza,6
The Original BBQ Chicken Pizza and Soup Lunch Duo,6
Carbonara Pizza,6
Mac and Cheese Pizza,6
Crispino Pizza,6
New Ranch Romano Pizza,6
Pizza Steak Hoagie,6
Apple Dessert Pizza,6
Vegetable Pizza (Red),6
Rio Ranch Pizza,6
Roasted Red Pizza,5
Family Pizza Deal,5
Pizza & Fingers,5
S'mores Pizza Dessert,5
Angelo39s Special Pizza,5
Regina Margherita Pizza,5
Honey Mustard Grilled Chicken Pizza,5
Bowzer39s Supreme Pizza,5
BYO Pizza Breadstix and Drink,5
Quesapizza,5
Mia Pizza,5
Tuna Pizza,5
Two Large Pizzas Twoliter Soda,5
"Small Greek Pizza Feta Cheese, Spinach, Onions, and Cooked Tomatoes",5
12ampquot Medium Heaps Combo Pizza,5
Fuorigrotta Pizza,5
Pizza Bento,5
Buy One Pizza Get One Free,5
All You Can Eat Pizza & Wings,5
Signature Pizza Side Salad and Drink,5
Old Country Pizza,5
Pizza Pollo,5
Bacon Double Cheeseburger Pizza,5
Potato Pizza,5
Primo Chicken Pizza,5
Chicken Francese Pizza,5
German Pizza,5
Casablanca Pizza,5
Neopolitan Pizza,5
Cheezy Pizza,5
Create Your Own Wood Fired Pizza,5
Rossa Pizza,5
Pizza Pop,5
Extravaganza Pizza,5
Jack Sprat Pizza,5
Party Tray Gourmet Pizza,5
Bricks Pizza,5
Maui Zaui Pizza,5
16 Inch Jumbo Pizza,5
Big Texas BBQ Steak with Pineapple Pizza,4
Pizzawich Monster Sub,4
Fiesta Pizza,4
Pride Pizza,4
Chicken Cordon Bleu Pizza,4
Pizza Vinnie,4
Broccoli Pizza Roll (sauce On Side),4
Everest Pizza,4
Paneer Tikka Masala Pizza,4
Tandoori Love Pizza,4
Burrata Pizza,4
Pizza Skins,4
Lucky 7 Pizza,4
Pavia Pizza,4
Pizza Naturale,4
The Teena Pizza,4
Murphy39s Combo Pizza,4
Lubiana Pizza,4
Bari Pizza,4
Pizza Luciano,4
"8"" One Topping Pizza & 20 Oz. Soda",4
Crab Pizza,4
"Cheese Burger Pizza (Small 12"")",4
Salmon Pizza,4
Pizza Plaza Special,4
Kid39s California Pizza Kitchen Salad,4
Loaded Baked Potato Pizza,4
Pizza With Black Olives,4
Kidampaposs BBQ Chicken Pizza,4
Assorted Pizza and Wings,4
Russian Pizza,4
Late Night Delivery Special 4 Pizzas,4
La Ortolana Pizza,4
Pizza al Tartufo Olio,4
Napoletana Pizza,4
Pizza Melanzane,4
Sweet Pizza,4
Regular Slice Of Pizza Or Pasta Choiceampcomma Soda And Treat,4
Super Slices 34 Pound Of Pizza,4
Large Olympia Special Pizza,4
Mattone Pizza,4
Pizza Proscuitto E Funghi,4
Chicken Onions ampamp Tomato Pizza,4
Sofia Pizza,4
12 Pizza,4
Chinese Pizza,4
Goat Cheese Pizza,3
Detroit Style Square Pizza,3
8ampquot 1Item Original Pizza and Fountain Drink,3
Pizza Maria,3
Medium Pizza Forum's Special,3
Milano Garlic Chicken Pizza,3
Pizza Pasquale,3
Two Slices of Gourmet Pizza & a Medium Beverage,3
Roasted Cauliflower Pizza,3
Pizza Greca,3
Pizza Buccheri (the Butcher),3
"Family Feast (Open Till Close, Every Day) (Large 3 Item Pizza, 12 Garlic Rolls, Pitcher of Beer Or Soda)",3
Warrington Pizza Special,3
8ampquot Piccolo Spinach Pizza,3
Updyke Pizza,3
Brunch Pizza,3
Tasty Delight Pizza,3
Gino's Special Pizza,3
Frozen Pizzas,3
14ampquot Large Western Steak Pizza,3
Ancona Pizza,3
10ampquot Small Margarita Pizza,3
Three Sonampaposs Special Pan Pizza,3
Holiday Pizza,3
XLarge Montague39s All Meat Marvel Pizza,3
Personal Appolonia Pizza,3
Pizza Romeo,3
5 Cheese ampamp Fresh Tomato Pizza,3
N. Y. Stylepizza,3
Tortilla Pizza,3
Pizza Bagel,3
Ham Pizza,3
Pizza Hero,3
Campagnola Pizza,3
Sweet Baby Ray39s BBQ Chicken Pizza,3
Pastrami Pizza,3
Supremo Pizza,3
Pizza Roni,3
Mozzarella Sticks Pizza Sauce,3
"Cinnammon Pizza (12"")",3
Pizza with Penne,3
Snack Pizza,3
UltiMeat Pizza,3
Pig Pen Pizza,3
King Arthur's Supreme Pizza,3
Square Crust Pizza,3
RT Pizza Sandwich,3
6oz Cup of Pizza Sauce,3
Newyorkers Pizza,3
CPK Classics Small Pizza Catering Package,3
The Nino Pizza,3
8 Onion Pizza,3
Free Pizza,3
Rudy's Pizza,3
Naked Pizza,3
Zucchini Pizza,3
Butternut Squash Pizza,3
Smily Face Pizza,3
Pizza Dip,3
Plain Jane Pizza,3
La Mamma Pizza,3
Pizza Stop Special,3
Putanesca Pizza,3
Kids Make Their Own Pizza,3
Bayou Bleu Pizza,3
La Nova Super Steak Pizza,3
Ocean View Pizza,3
Zesty Italian Pizza,3
Create Your Own Pizza with Udi39s Gluten Free Crust,3
Garbage Pizza,3
Pizzano Pizza,3
1 Large Pizzaampcomma 18 Wingsampcomma 2 Small Fries,3
Mythic Pizza,3
The Haight Pizza,3
Meat Combo Bambina Pizza 9'',3
ampquotChicagoampquotStyle Pizza Slice,3
Exclusive Vip Stuffed Pizza,3
Sicilan Pizza,3
Sarda Pizza,3
Triboro Pizza,3
Amatrice Pizza,3
Pizza Contadina,3
Memphis BBQ Chicken Pizza,3
Build Your Own Pizza Wrap,3
Mexi Pizza,3
2016 Worlds Best Pan Pizza the Quack Attack,3
Classic Apizza,2
Summer Pizza,2
Black Bean Pizza,2
Pizza Lite,2
Boss Hog Pizza,2
High Fiber Pizza,2
Pizza Street Buffet,2
Sundried Tomato ampamp Pesto Pizza,2
Austin Pizza,2
Alamo Meat Pizza,2
Gluten Free Pizza 9 Inch Pie,2
Pb&J Pizza,2
Old School Gondola Special Pizza (Small),2
Goodfellas Pizza,2
Shrimp Alla Tony Pizza,2
Steak Portabella Pizza,2
Pizza Sole,2
Antipasto Pizza,2
Goa Pizza,2
Personal Pan 9ampquot Pizza with Toppings,2
"14"" Heart Shaped Pizza",2
Pizza al Tonno,2
Leaf Erikson Chicago Style Pizza,2
Forbes Field Original Pizza,2
Bambino White Pizza and A Small Tossed Salad,2
9ampquot Pizza Grinder,2
Large Margarita Pizza with Liter Soda,2
Low Fat Cheese Pizza,2
Pizza Turnover (calzone) (extra Ingredient .85 Each),2
Pizza Beach Tee,2
Pierogi Pizza,2
Grama Pizza,2
Jazzy Pizza,2
Bama Pizza,2
Ground Beef Pizza Slice,2
Pizza Pompei,2
17ampquot Mushroom and Pepperoni Pizza,2
Smores Pizza,2
Slice of Indian Pizza Pick Up Only,2
14ampquot Large MeatAPizza,2
"6"" Traditional Or Old Fashioned Pizza and Salad Bar",2
Speck Pizza,2
The Route 66 Pizza,2
Stinger Pizza,2
Pizza Laguna,2
Meat Feast Pizza on a Plate No Dough,2
Spiro Special Pizza (10 Small),2
Master Pizzas,2
Pink Pizza,2
Dalicia Pizza,2
Bacci Man Pizza,2
Blackened Chicken Pizza,2
The Bestseller Pizza,2
Krustyzz Pizza Sub,2
J.B. Alberto Deluxe Stuffed Pizza,2
Nana39s Love Pizza,2
Ceaser salad Pizza Slice,2
Northside House Specialty Pizza,2
Rapini Pizza,2
Uncle Jesse Pizza,2
Pizza Bites,2
12ampquot 2Topping Personal Pizza not available after 3pm,2
Americo Pizza,2
Montana Pizza,2
One Trip With Any Pizza,2
Pizza Caroline,2
Il Giardino Pizza,2
Basset Hound Pizza,2
Plue 2 liter Soda with 2ampcomma Pizza,2
Spicy Veg Pizza,2
Aaloo Gobi Pizza,2
Mt. St. Helene's Pizza,2
Avocado Special Pizza,2
"Pizza, Pop, Salad, Bread and Butter",2
Carmelita Pizza,2
Pizza Night,2
Farmer's Pizza,2
Stuts Pizza,2
Quattro Gusti Pizza,2
Greco Pizza,2
Raw Pizza Dough,2
The Al Capone Pizza,2
Apizza Amore,2
Oaxaca Pizza Salad,2
Tino's Five Cheese Pizza,2
America39s Favorite Feast Pizza,2
Naga Pizza,2
Bufflao Chicken Pizza,2
White Mozzarella ampamp Riccota Pizza,2
Pizza Rosa,2
The Best Indian Pizza Vegan,2
Carcass Pizza,2
Anthony's Meat Pizza,2
Caruso Salad Pizza,2
Best Stop Boudin Pizza Lunch,2
"14"" One Topping Pizza & Garlic Balls",2
Dante39s Peak Pizza,2
Cihcken Bbq Pizza,2
Lucia Pizza,2
Pizza Mare,2
The Tremor Pizza,2
Guacamole Pizza,2
Pizzazz,2
Mary's Original Pizza Dough Hot Dog,2
Bark Pizza Gluten Free,2
Pizza Bal,2
Double Dough Pizza,2
Citrus Adobo Pizza,2
Crew Pizza,2
Syrian Pizza,2
Hitman Pizza,2
Pizza Chef,2
Chicabroni Pizza,2
Heart Healthy Pizza,2
Jackie's White Pizza,2
Imperial Pizza,2
Ribeye Pizzaiola Dinner,2
2nd Pizza Disc,2
All the Way Pizza,2
Tree Hugger Pizza,2
Mantova Pizza,2
Cosmos Pizza,2
Sweet and Sour Sesame Chicken Pizza,2
Beef On Weck Pizza,2
Dino's Combination Pizza (14 Large),2
New Bedford Portuguese Linguica Pizza,2
"Pizza or 1 Iten Sub, Salad or Fries, Soda",2
Hawthornes Special White Pizza,2
Joto's Mini Pizza,2
Two Pie Pizza Meal,2
Sweep The Kitchen Pizza,2
Gluten Free Perfect Game Pizza of The Gods,2
French Baked Brie On Pizza Bread,1
"Put a ""Lid"" On It! Stuff Any Pizza",1
Chesters Lavash Pizza,1
The Kitchen Sink Pizza,1
Reuben Pizza,1
Lana's Cinnamon Dessert Pizza,1
"1 Large Pizza, Chicken Fingers, French Fries, 6 Garlic Knots, 2 Liter",1
4 Manggio Stuffed Pizza,1
Yankee Stadium Pizza,1
Heavyweight Pizza,1
March Madness Pizza,1
Chicken and Waffle Pizza,1
Pizza Beignets,1
Pizza Polpette,1
Gluten Free Nutella and Strawberries Pizza,1
Mr. Mike's Pizza Sub,1
Pizza Marg Herita,1
Nacho Pizza,1
Rasha's Seafood Pizza,1
Endless Pizza Plate,1
Dry Fish Pizza,1
Cbc Pizza,1
Healthy Heartland Pizza,1
Pizza Partytm Discount,1
Pizza Insurance,1
Side Pizza Dressing,1
Goodie Roonie Pizza,1
Mulberry Street New York Pizza,1
Rigatoni Pizza,1
Pizza Split Charge,1
"Lil' F. ""Pizza Burger""",1
Eagle Special Pizza,1
3 Margherita pizza caesar salad ampamp 2L soda,1
Ultra Thin Pizza Fina Americano,1
1 X L Manhattan Pizza,1
The Gladiator Pizza,1
Josie Personal Pizza,1
West Coast Combo with Sausage Pizza,1
Pizza Nuggets,1
Volare Round Pizza,1
Midnight Express Pizza,1
Tour of Italy Pizza,1
The Southend Pizza,1
Como Pizza,1
Fresa y Chocolate Pizza 7ampquot,1
The Triple Pep Pizza,1
7in The Miller Pizza,1
Sriracha Sausage Pizza,1
Aspendos Pizza,1
Olimpos Pizza,1
Planet Pizzazz,1
Masterpizza,1
Straw Hat's Pizza Sandwich,1
La Luna's Best Pizza,1
Point Pizza,1
The Prego Pizza,1
The Bulldog Pizza (8 Inch),1
Coal Vines Regular Pie Pizza Dinner,1
Bolognese Pizza Dinner,1
Oven Toasted Pizza Sandwich,1
Angel Pizza,1
The Linebacker Pizza,1
Allstar Chicken Pizza,1
Methi Mutter Malai Pizza,1
Achari Veg Pizza,1
Butter Parmesan Flavor To Entire Pizza,1
Mango Chaat Pizza,1
Pizza Verdure Miste,1
Hobbs Pepperoni Pizza,1
Braised Bacon and Aged Fontina Pizza,1
Carne Tripolo Pizza,1
The Pizzalad,1
Pizza Cookie With Magpies Parlour Frozen Yogurt,1
7ampquot Pita Pizza Express,1
Da Bear All Meat Special Pizza,1
Endless Artisan Pizza Bar,1
La Nova Pizza Logs (5) Served with Marinara Sauce for Dipping,1
Pizza Dawg,1
Mount Olympus Pizza,1
Suzanne39s Gourmet Vegetarian Pizza,1
Isabella Pizzarella,1
Pizza Carpaccio,1
Gigio's Thick Dough Pizza,1
Grill Crisp Bacon Pizza Western Pizza,1
Porcini Pizza,1
Every Day Special Mini Pizza,1
SUPER BOWL BURGER PIZZA SPECIAL,1
Pizza Filetto,1
834 2 Topping Cheese Pizza,1
Banana Split Pizza,1
Uncle Salampaposs Pizza,1
Kens Pizza,1
Monachina Pizza,1
Lobo Pizza,1
5. Red & Green Peppers & Onions Pizza,1
Michigan Ave Pizza,1
Sam Giancana Pizza,1
Sprouts N' Bacon Pizza,1
Giant 18ampquot Tijuana Taxi Pizza,1
Mr. Green Jeans Pizza,1
Stinking Rose Pizza,1
Saporitaampaposs House Special Pizza,1
Half Sandwich with a Cup of Soup Or Salad and a Slice of Cheese Pizza,1
Rachel Ray's Favorite Pizza,1
Square Grandma Pizza 8 Pc,1
Large 1Topping Pizza ampamp Medium Sticks Special,1
Vulcano Pizza,1
Pizza Benedict,1
Jaggerampaposs Veggie Pizza,1
Ladolce Pizza,1
The TPC Gasparilla Personal Pizza,1
Bold Fold Pizza,1
Build Your Own Jet39s NY Style Pizza,1
The Alps Pesto Pizza Pesto Pinenuts and Tomatoes,1
Alyssas White Pizza,1
Goodyampaposs Greek Pizza,1
Teddyampaposs Supreme Pizza,1
ampaposOld World Pizzaampapos,1
Uncle Frank's Pizzamaestro,1
Large Smoked Oysters and Chopped Onions Pizza,1
Pizza Pacco,1
CBP Pizza Sandwich,1
Pizza Alle Pumante,1
Pizza Al Catupiry,1
Pugliese Pizza,1
Al Roker Pizza,1
Funghi Misti Pizza,1
Sam's Combo Pizza,1
Pizza Al Fresco,1
Bowery Boy Pizza,1
"7"" Pizza Or Stromboli Breadsticks Or Salad",1
Spin! Your Own Pizza,1
Pizza Slice Window Stuffed,1
Pimento Cheese Pizza,1
10ampquot Indo Pak Pizza,1
"Charlie Mckenna's, Lillie's Q, Bbq Pulled Pork Pizza",1
"Brian Enyart's, Dos Urban Cantina, Albondigas & Tomatillo Pizza",1
"Bill Kim's, Urban Belly, Lemongrass Sausage Pizza",1
Short Rib Pizza,1
"Brian Fisher's, Entente, Korean Fried Chicken Pizza",1
"Rick Ortiz's, Antique Taco, Chili Cheese Curd Pizza",1
Tiger Pizza,1
Alligator Pizza,1
L and B Pizza 8 Square Pie,1
"Eggplant Pizza Marinara Sauce, Mozzarella Cheese and Eggplant",1
"Pizza Sauce, Mozerella and Any 3 Items",1
Desset Pizza,1
Carbone's Pizza Sticks,1
18ampquot Stuffed Priazzo Pizza,1
"Mini Pepperoni Or Cheese Pizza, Cookie & Drink",1
Sterling Pan Pizza,1
White Pizza Pie with Sliced Tomato ampamp Fresh Garlic,1
Scorpion Pepper Pizza,1
Sex On the Pizza Beach,1
Lamb Merguez and Oaxaca Pizza,1
Breakfast Pie Brunch Pizza,1
Mumbai Ripieno Pizza,1
Herb Chicken Mediterranean Delite Pizza,1
Kosmic Karma Pizza,1
14 The Green Beret Pizza,1
19 Old World Pepperoni Pizza,1
6 Inches Baby Bearnoampaposs Pizzaampcomma,1
Allen's Pizza,1
Asparagus & Mushroom Pizza,1
Brownie Pizza,1
Pizza Bonanza Box Lunch,1
The Jj Twig or Mexican Pizza,1
Soldier & Sailors Supreme Pizza,1
Aguascalientes Pizza,1
Vodga Gourmet Pizza,1
Dion's Pizza Kit,1
Pizza Subserved On Fresh Rolls and Prepared On Grill.,1
The Colossus Pizza,1
Moosehead Traditional Crust Pizza,1
Wake ampamp Bake Pizza,1
Sunday 1 Extra Large 1 Item Pizza 2 Orders of Wings amp a 2Liter Soda,1
Ratatouille Pizza,1
Wurstel Pizza,1
The Milwaukee Special Pizza,1
Knollas Famous Dessert Pizza,1
Hummus Pizza,1
Pepperoni Pizza Pinwheel,1
Pizza Knish,1
Peter Cooper Pizza,1
Pizza Al Buono Gusto,1
Widow Maker Pizza,1
Pizza Muffins,1
Large Sweet Lou's Authentic Chicago Stuffed Pizza and 1 Item,1
Mount Combo Pizza,1
Ronnally's Dessert Pizza,1
M&M Pizza,1
Goomba Supreme Pizza,1
Pizza Inferno (spicy),1
Pizza Turnover,1
Pizza Carlsbad,1
Small Memphis BBQ Pulled Pork GlutenFree Pizza,1
Small RockBottom Loop GlutenFree Pizza,1
Wbs Pizza (Writers in Baltimore Schools),1
Guss Pizza Sub,1
Cheese Pizza (mozzarella) Whole Milk or Skimed,1
Enzo's Pizza,1
Aunt Mary's Friday Night Pizza,1
That's a Gouda Pizza Salad,1
Pizza Burger Wedge with Lettuce and Tomato,1
"""Bro""luxe Pizza",1
Pizza Flipps,1
"""Cholesterol Bomb"" Pizza",1
Chubbies Pizza,1
Whitepizza,1
Pizza Coop Mudslide,1
Tricolot'e Pizza,1
Price Buster Pizza,1
Pizza Salsa Cruda,1
D&V Special Pizza,1
Vegan It39s Greek to Me Pizza,1
